{"cameraMode":{"drawMode":0,"name":"Shaded","section":"Shading Mode"},"sceneLighting":true,"audioPlay":false,"sceneViewState":{"showFog":true,"showMaterialUpdate":false,"showSkybox":true,"showFlares":true,"showImageEffects":true,"showParticleSystems":true},"in2DMode":false,"pivot":{"x":1.4858940839767457,"y":0.05595865473151207,"z":-0.5244194865226746},"rotation":{"x":-0.16549110412597657,"y":-0.4430297017097473,"z":0.08374575525522232,"w":-0.8772144913673401},"size":12.9542818069458,"orthographic":true}